m,Rt_weldform,Rt_paper,relative_error,relative_error_percent
0.18,3.23,3.25,0.006153846154,0.615385
0.24,3.16,3.12,0.01282051282,1.282051
0.58,3.09,2.9,0.06551724138,6.551724
